{"cameraMode":{"drawMode":0,"name":"Shaded","section":"Shading Mode"},"sceneLighting":false,"audioPlay":false,"sceneViewState":{"showFog":true,"showMaterialUpdate":false,"showSkybox":true,"showFlares":true,"showImageEffects":true,"showParticleSystems":true},"in2DMode":false,"pivot":{"x":10.529999732971192,"y":2.990000009536743,"z":62.880001068115237},"rotation":{"x":0.27557456493377688,"y":-0.43153655529022219,"z":0.1403287649154663,"w":0.8474371433258057},"size":5.7157673835754398,"orthographic":false}