{"cameraMode":{"drawMode":0,"name":"Shaded","section":"Shading Mode"},"sceneLighting":true,"audioPlay":false,"sceneViewState":{"showFog":true,"showMaterialUpdate":true,"showSkybox":true,"showFlares":true,"showImageEffects":true,"showParticleSystems":true},"in2DMode":false,"pivot":{"x":21.215084075927736,"y":-23.360713958740236,"z":81.43518829345703},"rotation":{"x":-0.4051395356655121,"y":-0.10359692573547363,"z":0.04625333473086357,"w":-0.9072216749191284},"size":52.705543518066409,"orthographic":false}