{"cameraMode":{"drawMode":0,"name":"Shaded","section":"Shading Mode"},"sceneLighting":false,"audioPlay":false,"sceneViewState":{"showFog":true,"showMaterialUpdate":true,"showSkybox":true,"showFlares":true,"showImageEffects":true,"showParticleSystems":true},"in2DMode":false,"pivot":{"x":-1.0322265625,"y":1.99072265625,"z":0.370361328125},"rotation":{"x":0.19335275888442994,"y":0.06411241739988327,"z":-0.012663771398365498,"w":0.9789527058601379},"size":3.5630693435668947,"orthographic":true}